spotify_track_id,title,artist,album,release_date,popularity,duration_ms,tempo,energy,danceability,happiness,acousticness,instrumentalness,liveness,speechiness,loudness,sentiment_score,genres
6sGIMrtIzQjdzNndVxe397,So Easy (To Fall In Love),Olivia Dean,The Art of Loving,26/09/2025,92,169000,140,63,75,57,67,0,8,4,-6 dB,0.2974926810711622,pop soul
6FvMc0dfKvSbzFmqfT1GoG,TQMQA,Eladio Carrion,TQMQA,14/12/2023,50,169911,113,55,61,59,63,0,12,21,-8 dB,0.137997733,trap latino|urbano latino
46YjJXVXWHlQ21odKktg5e,MOJABI GHOST,Tainy,DATA,29/06/2023,81,232131,122,79,78,53,1,0,11,3,-3 dB,-0.113522704,
3bWRxb5rFHlmxo7mwDPNsO,Planteamiento Erróneo,Quevedo,Planteamiento Erróneo,16/10/2020,1,133003,88,52,80,47,73,0,14,45,-12 dB,-0.229997723,
35hYk23wFUOsHoQfljbz80,Lejos,Delaossa,Lejos,24/03/2020,59,202580,93,52,76,63,19,0,17,26,-7 dB,-0.200351886,
0hL9gOw6XBWsygEUcVjxEc,HYAENA,Travis Scott,UTOPIA,28/07/2023,67,222085,97,75,61,46,3,0,12,7,-5 dB,0.047885368,
1PH2MDbcBAU094DlgTIND1,THANK GOD,Travis Scott,UTOPIA,28/07/2023,69,184888,135,55,66,58,25,0,13,4,-7 dB,0.1855351241662147,
3KCNiDi9Pza6ZD8FggNoaw,MODERN JAM (feat. Teezo Touchdown),Travis Scott,UTOPIA,28/07/2023,66,255412,109,54,52,53,0,0,54,4,-6 dB,0.1730899227590396,
4kjI1gwQZRKNDkw1nI475M,MY EYES,Travis Scott,UTOPIA,28/07/2023,80,251249,119,62,46,28,65,0,12,5,-8 dB,0.0,
04WxWo7XeVyx22xEsrWRUb,GOD'S COUNTRY,Travis Scott,UTOPIA,28/07/2023,63,127991,150,65,62,14,2,0,14,4,-6 dB,0.073297099,
7LSpFCvRZZot2AlmkUzy9k,SIRENS,Travis Scott,UTOPIA,28/07/2023,65,204447,96,88,59,24,10,0,77,7,-6 dB,0.053959857,
67nepsnrcZkowTxMWigSbb,MELTDOWN (feat. Drake),Travis Scott,UTOPIA,28/07/2023,73,246133,112,77,56,40,1,0,40,35,-5 dB,-0.193928216,
42VsgItocQwOQC3XWZ8JNA,FE!N (feat. Playboi Carti),Travis Scott,UTOPIA,28/07/2023,84,191700,148,88,57,20,3,0,14,6,-3 dB,-0.166417738,
0OEe83mMZ5kaNw5uZQ7ilG,DELRESTO (ECHOES) (feat. Beyoncé),Travis Scott,UTOPIA,28/07/2023,59,274137,116,61,67,51,46,0,33,5,-6 dB,0.1393377696605105,
6wsqVwoiVH2kde4k4KKAFU,I KNOW ?,Travis Scott,UTOPIA,28/07/2023,80,211582,118,62,93,82,2,0,10,5,-4 dB,-0.048071403,
0lodMO0qK83vfPiiD7FMEt,TOPIA TWINS (feat. Rob49 & 21 Savage),Travis Scott,UTOPIA,28/07/2023,72,223173,160,57,72,33,6,0,7,9,-4 dB,0.0,
4GL9GMX9t7Qkprvf1YighZ,CIRCUS MAXIMUS (feat. The Weeknd & Swae Lee),Travis Scott,UTOPIA,28/07/2023,66,258842,125,76,68,25,0,1,37,3,-6 dB,0.048771816,
2Q0aElTZQtEUsoiaQfizu6,PARASAIL (feat. Yung Lean & Dave Chappelle),Travis Scott,UTOPIA,28/07/2023,57,154964,76,40,36,21,86,0,21,4,-9 dB,0.1955309981299985,
0bkV1iQHSxBaksUqgEkcbc,SKITZO (feat. Young Thug),Travis Scott,UTOPIA,28/07/2023,67,366592,83,55,47,35,10,0,35,25,-7 dB,0.0,
7EiUtdeoWcKqLi5ELZCjYf,LOST FOREVER (feat. Westside Gunn),Travis Scott,UTOPIA,28/07/2023,62,163071,89,80,65,31,9,0,10,23,-4 dB,-0.005510388,
0a4SMs889NwP8oWI7Vemle,LOOOVE (feat. Kid Cudi),Travis Scott,UTOPIA,28/07/2023,62,226715,111,74,68,11,7,0,39,4,-4 dB,0.2041122407929317,
4o82J5zr4DFEs9yj5szCVX,K-POP (feat. Bad Bunny & The Weeknd),Travis Scott,UTOPIA,28/07/2023,60,185220,121,62,81,55,4,0,67,6,-6 dB,0.019456208,
1i9lZvlaDdWDPyXEE95aiq,TELEKINESIS (feat. SZA & Future),Travis Scott,UTOPIA,28/07/2023,76,353754,83,54,46,22,57,0,17,3,-5 dB,0.1075740812838762,
76gcXhY3Zv6wW0BTe9nHJo,TIL FURTHER NOTICE (feat. James Blake & 21 Savage),Travis Scott,UTOPIA,28/07/2023,75,314836,77,66,65,15,17,1,13,12,-7 dB,0.031680216,
6MXXY2eiWkpDCezVCc0cMH,Good Morning,Kanye West,Graduation,11/09/2007,72,195093,84,63,48,52,8,0,15,12,-5 dB,0.094340625,
4UQMOPSUVJVicIQzjAcRRZ,Champion,Kanye West,Graduation,11/09/2007,73,167600,102,50,71,73,0,0,70,23,-8 dB,0.05631249,
0j2T0R9dR9qdJYsB7ciXhf,Stronger,Kanye West,Graduation,11/09/2007,82,311866,104,72,62,50,1,0,41,14,-8 dB,0.084845796,
7rbECVPkY5UODxoOUVKZnA,I Wonder,Kanye West,Graduation,11/09/2007,82,243440,191,47,54,13,14,0,13,8,-9 dB,0.1677858997826223,
4ZPdLEztrlZqbJkgHNw54L,Good Life,Kanye West,Graduation,11/09/2007,74,207000,83,81,44,49,0,0,44,35,-7 dB,0.1431236339733004,
0mEdbdeRFQwBhN4xfyIeUM,Can't Tell Me Nothing,Kanye West,Graduation,11/09/2007,82,271600,80,62,59,11,1,0,82,4,-6 dB,-0.088351424,
7387VaiHpOsSIZ5nmjseya,Barry Bonds,Kanye West,Graduation,11/09/2007,62,204306,165,62,48,71,4,0,34,38,-6 dB,0.1099600659217685,
7DRuzSlhjKadgdsQRYZ0tr,Drunk and Hot Girls,Kanye West,Graduation,11/09/2007,60,313226,83,44,66,31,7,0,14,3,-7 dB,-0.103184765,
5TRPicyLGbAF2LGBFbHGvO,Flashing Lights,Kanye West,Graduation,11/09/2007,86,237506,90,63,64,43,4,0,39,4,-8 dB,0.2012986792845928,
0NrtwAmRAdLxua31SzHvXr,Everything I Am,Kanye West,Graduation,11/09/2007,74,227893,80,62,63,77,47,0,15,26,-7 dB,-0.043912618,
0lWjRSzq5chA9fps3pM8Zr,The Glory,Kanye West,Graduation,11/09/2007,66,212706,84,64,42,71,5,0,17,29,-7 dB,-0.092992036,
4iz9lGMjU1lXS51oPmUmTe,Homecoming,Kanye West,Graduation,11/09/2007,82,203493,87,75,67,92,34,0,12,19,-7 dB,0.1090877571555434,
2L47m9erkB5KBZcaqWtYen,Big Brother,Kanye West,Graduation,11/09/2007,63,287560,78,74,51,30,21,0,6,26,-6 dB,0.015319539,
3bhyo2ED5Yd4RLydQBDtD6,Good Night,Kanye West,Graduation,11/09/2007,62,185973,89,53,70,69,18,0,19,23,-11 dB,0.2144864211316968,
5bjB0xPlN7fR1roEedzQvg,Felt Good About You,Gracie Abrams,The Secret of Us (Deluxe),18/10/2024,59,164693,192,56,56,41,83,0,10,35,-9 dB,0.058252546,
6KJUSJHXRrTjSMpi9PzjEy,Risk,Gracie Abrams,The Secret of Us (Deluxe),18/10/2024,60,191586,113,50,72,56,51,0,11,6,-6 dB,0.059868316,
7yjPDFhCUFGa90GKORcUTY,Blowing Smoke,Gracie Abrams,The Secret of Us (Deluxe),18/10/2024,60,232280,140,63,62,37,26,0,9,8,-5 dB,0.1475905186876102,
5W4FHsvv4PwqC5gYzXyrLI,"I Love You, I'm Sorry",Gracie Abrams,The Secret of Us (Deluxe),18/10/2024,59,157146,116,41,53,34,66,0,13,3,-8 dB,0.1399661686271429,
5WcsxoURbNjQPQvzKpHUMn,us. (feat. Taylor Swift),Gracie Abrams,The Secret of Us (Deluxe),18/10/2024,59,242666,102,55,53,39,50,0,9,3,-6 dB,0.056377744,
3aGv9jITId050BkCMddYOX,Let It Happen,Gracie Abrams,The Secret of Us (Deluxe),18/10/2024,59,260946,92,57,53,22,62,0,11,4,-5 dB,-0.025714025,
2eqpaZGKGBdhcKzRKyKnyC,Tough Love,Gracie Abrams,The Secret of Us (Deluxe),18/10/2024,58,169146,90,72,55,66,37,0,9,7,-4 dB,-0.130903189,
7zVDbw7EEqN1FMTQOfLS2p,"I Knew It, I Know You",Gracie Abrams,The Secret of Us (Deluxe),18/10/2024,58,252920,81,44,32,33,74,0,12,3,-7 dB,0.03046123,
7GaLluiRWvNfhayWKIZ9Xt,Gave You I Gave You I,Gracie Abrams,The Secret of Us (Deluxe),18/10/2024,56,269280,108,32,60,5,81,0,12,3,-7 dB,-0.003647633,
5ZCsCQrtEUJUJAylu9TDjY,Normal Thing,Gracie Abrams,The Secret of Us (Deluxe),18/10/2024,55,242480,136,57,47,39,79,0,27,18,-10 dB,0.081570079,
3aO5affZSi1dOB3LMmP9mO,Good Luck Charlie,Gracie Abrams,The Secret of Us (Deluxe),18/10/2024,53,236480,130,21,43,20,74,0,10,3,-11 dB,0.1229235033194224,
49vuwo7SLmzO207Z7djITp,Free Now,Gracie Abrams,The Secret of Us (Deluxe),18/10/2024,58,214080,150,39,56,34,41,0,20,10,-9 dB,0.085961021,
3c5VB77JWXirY1jP2do3oS,Close To You,Gracie Abrams,The Secret of Us (Deluxe),18/10/2024,57,225973,122,73,59,36,3,0,8,7,-8 dB,0.2224540526562548,
256nKlwQdp2GE6DYGvTDoG,Cool,Gracie Abrams,The Secret of Us (Deluxe),18/10/2024,68,229162,110,58,71,39,62,0,10,4,-5 dB,-0.098640107,
0hlniElQOr5tvSKBaSpAQi,Second Hand News - 2004 Remaster,Fleetwood Mac,Rumours,04/02/1977,66,176306,118,94,70,50,24,1,5,14,-5 dB,-0.073064274,
5TDZyWDfbQFQJabbPwImVY,Dreams - 2004 Remaster,Fleetwood Mac,Rumours,04/02/1977,64,257800,120,49,83,79,6,0,13,3,-10 dB,0.2974942573479244,
2TJqhMuTx2eMun7MMQVIFy,Never Going Back Again - 2004 Remaster,Fleetwood Mac,Rumours,04/02/1977,58,134400,176,34,65,95,86,39,8,4,-13 dB,-0.052594393,
4bEb3KE4mSKlTFjtWJQBqO,Don't Stop - 2004 Remaster,Fleetwood Mac,Rumours,04/02/1977,76,193346,119,71,67,83,4,0,4,4,-8 dB,0.085184327,
07GvNcU1WdyZJq3XxP0kZa,Go Your Own Way - 2004 Remaster,Fleetwood Mac,Rumours,04/02/1977,82,223613,135,95,58,80,2,0,7,4,-5 dB,0.2277844108286358,
3IcZbuv0ydGXMfdJeo6iqr,Demasiadas Mujeres,C. Tangana,El Madrileño (La Sobremesa),18/02/2022,44,153960,126,45,66,36,13,0,8,39,-7 dB,-0.106551689,
7byPT0av8htuoQuyxbtK4d,Tú Me Dejaste De Querer,C. Tangana,El Madrileño (La Sobremesa),18/02/2022,42,198493,84,72,82,51,31,0,10,23,-5 dB,-0.181741119,
4vb39oH6GhkHtGyjnXGFpd,Comerte Entera,C. Tangana,El Madrileño (La Sobremesa),18/02/2022,42,174480,124,40,82,35,52,0,24,11,-7 dB,-0.132741451,
0xZ84oiZpRtd0zoF1hBvua,Nunca Estoy,C. Tangana,El Madrileño (La Sobremesa),18/02/2022,41,162493,135,37,91,44,48,1,31,12,-5 dB,-0.659429767,
7FRVojReNw1GtQMXIt02TW,Párteme La Cara,C. Tangana,El Madrileño (La Sobremesa),18/02/2022,41,167866,128,30,76,58,55,0,13,5,-10 dB,-0.078999619,
66yqgBejGcVFgCly5orcMb,Ingobernable,C. Tangana,El Madrileño (La Sobremesa),18/02/2022,42,187053,105,76,71,74,20,0,5,7,-6 dB,-0.070089414,
0Ada8rXpTblhLh2nbwRmnN,Nominao,C. Tangana,El Madrileño (La Sobremesa),18/02/2022,40,176186,176,36,68,72,60,0,11,25,-7 dB,-0.168847359,
2ssLX6Zbgo3wqCAg93aC9Z,Un Veneno - G-Mix,C. Tangana,El Madrileño (La Sobremesa),18/02/2022,41,193693,81,45,52,58,77,0,12,9,-7 dB,-0.058907329,
2xaByuQlt233Vtve6PshwN,Te Olvidaste,C. Tangana,El Madrileño (La Sobremesa),18/02/2022,42,187520,88,36,80,35,63,0,11,23,-11 dB,-0.175357888,
4pmb0BSHAGxaHPMd8aFSMk,Muriendo De Envidia,C. Tangana,El Madrileño (La Sobremesa),18/02/2022,41,182640,94,72,85,26,43,0,8,36,-7 dB,-0.029248679,
3WiimrUobvk2IpWcd9vppt,CAMBIA!,C. Tangana,El Madrileño (La Sobremesa),18/02/2022,40,188093,106,69,56,64,55,0,10,8,-5 dB,-0.269090663,
4b3rE3N4XX1tPyvoHV6i4C,Cuándo Olvidaré,C. Tangana,El Madrileño (La Sobremesa),18/02/2022,40,189560,96,32,73,46,82,0,10,19,-9 dB,-0.124107946,
3CaaAhaIRL1KIhLaknz02U,Los Tontos,C. Tangana,El Madrileño (La Sobremesa),18/02/2022,42,192786,106,72,80,90,37,0,14,19,-6 dB,-0.15996242,
30oqPn8BvaVyFsJCGO3out,Hong Kong,C. Tangana,El Madrileño (La Sobremesa),18/02/2022,39,203426,98,38,65,43,6,0,9,4,-8 dB,-0.204385599,
0v2LBtK5Zk80VxIbVrD9ik,La Culpa (feat. Canelita),C. Tangana,El Madrileño (La Sobremesa),18/02/2022,48,188386,172,57,59,60,62,0,11,40,-8 dB,-0.262164936,
5WxYU8RRzy5X0kC6Fx9SpI,Ateo,C. Tangana,El Madrileño (La Sobremesa),18/02/2022,61,240000,130,74,83,73,14,0,18,4,-4 dB,-0.093897721,
1MXss9WwWiRXG6ofSDtkIw,Yate,C. Tangana,El Madrileño (La Sobremesa),18/02/2022,48,205106,132,77,76,76,40,58,12,12,-8 dB,-0.113456513,
4U9EIwcQFvQittYAsZq1HQ,Bobo,C. Tangana,El Madrileño (La Sobremesa),18/02/2022,45,160893,124,74,83,83,51,0,26,4,-4 dB,-0.125469795,
4JdoNXs8MyxoovRv4g9udm,Te Venero,C. Tangana,El Madrileño (La Sobremesa),18/02/2022,50,187693,172,35,63,36,67,1,6,9,-9 dB,-0.174137941,
2uFlBIfS4XKyOVPKiIrj5L,Me Maten - Live at NPR's Tiny Desk,C. Tangana,El Madrileño (La Sobremesa),18/02/2022,59,242493,79,58,61,79,53,0,72,52,-10 dB,-0.025876195,
1QhytEBWgnbSzQTF0xsCgV,Los Tontos - Live at NPR's Tiny Desk,C. Tangana,El Madrileño (La Sobremesa),18/02/2022,49,251413,108,68,63,40,56,0,34,28,-9 dB,-0.103242889,
2vcSVZPq2lFAnlvCotuPtU,Un Veneno,C. Tangana,El Madrileño (La Sobremesa),18/02/2022,54,193293,81,45,52,58,77,0,12,9,-7 dB,-0.02760215,
2OdBMiE8gYa4l45YoW0XHt,Para Repartir,C. Tangana,El Madrileño (La Sobremesa),18/02/2022,47,178760,115,46,85,77,55,0,14,5,-8 dB,-0.115901308,
18D0Za12EKUYklBQaJlaDP,DROGA,Mora,DROGA,2025-05-17,68,222626,152,89,72,84,28,0,8,5,-5 dB,-0.057928318157792,
5TFD2bmFKGhoCRbX61nXY5,NUEVAYoL,Bad Bunny,DeBÍ TiRAR MáS FOToS,2025-01-05,89,183685,138,20,14,12,27,100,20,14,-20 dB,0.1178256312296504,
59D4DOkspUbWyMmbAPQkxZ,VOY A LLeVARTE PA PR,Bad Bunny,DeBÍ TiRAR MáS FOToS,2025-01-05,87,156364,106,60,15,0,92,45,41,6,-35 dB,0.0689630422120293,
2lTm559tuIvatlT1u0JYG2,BAILE INoLVIDABLE,Bad Bunny,DeBÍ TiRAR MáS FOToS,2025-01-05,90,367725,119,0,17,22,19,79,11,6,-46 dB,-0.0543703828866665,
1Q9Efnm5csdCMFynISxL2x,PERFuMITO NUEVO,Bad Bunny,DeBÍ TiRAR MáS FOToS,2025-01-05,81,200680,120,3,51,56,100,98,15,7,-34 dB,-0.0662573487782964,
5WEF0icHWmAZBBMglBd599,WELTiTA,Bad Bunny,DeBÍ TiRAR MáS FOToS,2025-01-05,82,187507,96,30,46,36,87,33,35,60,-32 dB,0.217588929252492,
7d6yK8v8J484SWH5prIQiE,VeLDÁ,Bad Bunny,DeBÍ TiRAR MáS FOToS,2025-01-05,87,235336,102,98,61,3,29,0,44,15,-19 dB,0.0178826999517134,
0iKo4pNNjHHdKUcFARlfCa,EL CLúB,Bad Bunny,DeBÍ TiRAR MáS FOToS,2025-01-05,78,222568,111,61,52,26,46,0,11,6,-5 dB,-0.1406623377650976,
4c2Pc0NrfkesPR0jff6q3F,KETU TeCRÉ,Bad Bunny,DeBÍ TiRAR MáS FOToS,2025-01-05,79,250789,111,28,27,8,2,49,11,5,-32 dB,-0.1405938448859196,
79x7xtoCLpf6l32Zz6mWo4,BOKeTE,Bad Bunny,DeBÍ TiRAR MáS FOToS,2025-01-05,79,215983,125,7,40,3,19,96,12,5,-33 dB,-0.1316717447092135,
4MUrUT38U98olfnyzMBCzm,KLOuFRENS,Bad Bunny,DeBÍ TiRAR MáS FOToS,2025-01-05,84,199114,107,13,33,31,70,71,18,15,-32 dB,-0.2784127117349551,
7tCuCjhxzjX2XCz4JiiAsp,TURiSTA,Bad Bunny,DeBÍ TiRAR MáS FOToS,2025-01-05,79,190028,91,12,36,32,46,7,15,52,-30 dB,-0.0184369987020125,
6VNXmo59yDYgcwLS17UNAW,CAFé CON RON,Bad Bunny,DeBÍ TiRAR MáS FOToS,2025-01-05,79,228836,96,15,33,4,15,0,40,6,-27 dB,-0.0366577818058431,
14QaXYIK3K3QPtezqxRRPN,PIToRRO DE COCO,Bad Bunny,DeBÍ TiRAR MáS FOToS,2025-01-05,76,206627,98,67,64,54,25,0,12,3,-5 dB,-0.2857454951320375,
1Hg0e997pObvZ91w1FCPFk,LO QUE LE PASÓ A HAWAii,Bad Bunny,DeBÍ TiRAR MáS FOToS,2025-01-05,74,229381,83,0,9,7,25,0,25,6,-54 dB,-0.2135775397930826,
6J5kc12BW5HuP3d7C3vvx8,EoO,Bad Bunny,DeBÍ TiRAR MáS FOToS,2025-01-05,88,204768,64,46,36,18,75,86,8,7,-30 dB,0.0118708746093842,
3sK8wGT43QFpWrvNQsrQya,DtMF,Bad Bunny,DeBÍ TiRAR MáS FOToS,2025-01-05,91,237117,136,13,63,3,18,22,8,7,-27 dB,0.0495446837680824,
3G7agPwWfcORnWCAGMDOpm,LA MuDANZA,Bad Bunny,DeBÍ TiRAR MáS FOToS,2025-01-05,78,213010,174,93,56,97,98,94,13,6,-6 dB,-0.030010285663108,
6Xom58OOXk2SoU711L2IXO,Moscow Mule,Bad Bunny,Un Verano Sin Ti,2022-05-06,83,245939,100,67,80,29,29,0,12,3,-5 dB,-0.0404426386683351,
1dm6z1fWB0cErMszU25dy2,Después de la Playa,Bad Bunny,Un Verano Sin Ti,2022-05-06,74,230400,78,90,56,61,36,0,18,31,-3 dB,-0.0088797868557379,
6Sq7ltF9Qa7SNFBsV5Cogx,Me Porto Bonito,Bad Bunny,Un Verano Sin Ti,2022-05-06,82,178567,92,71,91,43,9,0,9,8,-5 dB,0.0894085996868935,
1IHWl5LamUGEuP4ozKQSXZ,Tití Me Preguntó,Bad Bunny,Un Verano Sin Ti,2022-05-06,84,243716,107,72,65,19,10,0,13,25,-5 dB,-0.0965308323064271,
5CzixCxDkRXX9mScCmah8O,Un Ratito,Bad Bunny,Un Verano Sin Ti,2022-05-06,76,176936,93,55,79,22,31,0,12,5,-7 dB,-0.0258416005306773,
5kVZxyMY1gfdCLiChsfjn1,Yo No Soy Celoso,Bad Bunny,Un Verano Sin Ti,2022-05-06,76,230704,142,59,87,93,28,0,17,5,-6 dB,-0.1932757615071276,
41oY4WCTj5kccfesTVFnvN,Tarot,Bad Bunny,Un Verano Sin Ti,2022-05-06,78,237894,114,68,80,42,2,0,66,4,-4 dB,0.1142823502184852,
31i56LZnwE6uSu3exoHjtB,Neverita,Bad Bunny,Un Verano Sin Ti,2022-05-06,78,173119,122,50,88,43,7,0,14,5,-8 dB,-0.1481308977518763,
1797zYiX4cKosMH836X9Gt,La Corriente,Bad Bunny,Un Verano Sin Ti,2022-05-06,75,198367,196,79,66,58,23,0,22,20,-4 dB,0.0118743276250535,
5Eax0qFko2dh7Rl2lYs3bx,Efecto,Bad Bunny,Un Verano Sin Ti,2022-05-06,81,213061,98,48,80,23,14,0,6,5,-9 dB,-0.007531595416367,
4tYFy8ALRjIZvnvSLw5lxN,Party,Bad Bunny,Un Verano Sin Ti,2022-05-06,76,227628,97,80,83,47,2,0,24,9,-5 dB,0.055196045946918,
2uflssWlCaJ6CbTMOsUpNI,Aguacero,Bad Bunny,Un Verano Sin Ti,2022-05-06,76,210989,121,65,86,67,42,0,35,7,-7 dB,-0.0033720869790105,
2NMjggapJcXXM7WccGEBUO,Enséñame a Bailar,Bad Bunny,Un Verano Sin Ti,2022-05-06,77,176000,105,79,81,77,19,0,47,8,-5 dB,0.0895558994176776,
3k3NWokhRRkEPhCzPmV8TW,Ojitos Lindos,Bad Bunny,Un Verano Sin Ti,2022-05-06,83,258298,80,69,65,27,8,0,53,4,-6 dB,0.0998955830931663,
4d4ZXH4dr5bYfgErHiZCX2,Dos Mil 16,Bad Bunny,Un Verano Sin Ti,2022-05-06,77,208615,130,67,82,50,12,0,13,5,-7 dB,-0.0535083378851413,
0UvZcEfpzVyx47QsRbjyBz,El Apagón,Bad Bunny,Un Verano Sin Ti,2022-05-06,71,201816,118,70,63,60,5,0,9,31,-4 dB,0.2524696094915271,
0E0DRHf5PfMeor0ZCwB3oT,Otro Atardecer,Bad Bunny,Un Verano Sin Ti,2022-05-06,81,244444,108,60,78,55,59,0,7,4,-7 dB,0.0462153079254286,
6VrQTLzzuyGIYjUDe4kAZk,Un Coco,Bad Bunny,Un Verano Sin Ti,2022-05-06,78,196412,152,69,84,74,21,0,18,6,-4 dB,-0.1656607300974428,
44XjoNvtwevktFKjvVe1vH,Andrea,Bad Bunny,Un Verano Sin Ti,2022-05-06,77,339611,103,62,80,45,76,0,10,38,-10 dB,-0.1204425791168914,
28GCbKgjlVD9eDmasGbe0T,Me Fui de Vacaciones,Bad Bunny,Un Verano Sin Ti,2022-05-06,74,180929,85,65,71,43,23,0,9,5,-5 dB,0.0903119910508394,
18HOjcvTVV7W8YzBuOsAPS,Un Verano Sin Ti,Bad Bunny,Un Verano Sin Ti,2022-05-06,76,148143,188,50,50,41,69,0,12,6,-9 dB,-0.2685065749618742,
0wihfILRNOwE2156Shezc8,Agosto,Bad Bunny,Un Verano Sin Ti,2022-05-06,74,139041,115,58,85,72,9,0,49,12,-8 dB,0.0196989528261698,
71wFwRo8xGc4lrcyKwsvba,Callaita,Bad Bunny,Un Verano Sin Ti,2022-05-06,78,250533,176,63,61,25,60,0,25,30,-5 dB,0.0496868839487433,
1Hq9DR1s1DZIlpNZMEFA0v,UYUNI,Rels B,afroLOVA 25',2025-06-20,64,157837,111,68,72,49,27,0,14,30,-8 dB,0.2194323312395658,
0XRJc66Gcvq8F98KE1TXD8,Mis Días A Tu Suerte,Rels B,afroLOVA 25',2025-06-20,70,143750,96,72,79,68,37,0,15,24,-5 dB,0.0,
1cMU20gleQO9xYjCeni3DJ,Carita Angelikal,Rels B,afroLOVA 25',2025-06-20,72,175200,100,76,80,43,18,0,13,17,-5 dB,0.1399548972068831,
6EUfOXUQtIAHKkBBOqMS2w,LA PROPUESTA,Rels B,afroLOVA 25',2025-06-20,62,157714,140,63,82,93,40,0,5,6,-4 dB,-0.0150100288446992,
6uiQ0DqbXTBc8tl0AUKZkR,TU VAS SIN (fav),Rels B,afroLOVA 25',2025-06-20,89,110495,101,57,88,28,7,0,22,13,-6 dB,0.1957552018688946,
2h3ygPh1i3y3mpbbRTbg2F,De Dónde Es????,Rels B,afroLOVA 25',2025-06-20,58,135384,117,75,83,53,1,0,11,18,-5 dB,0.0,
1LdiNJ9Q5730K4LgcAoDAo,LovioLOVIO,Rels B,afroLOVA 25',2025-06-20,57,160000,111,56,85,61,27,0,12,5,-4 dB,0.1018378123020132,
4iXCSUkCTdCdNBgGmGm9nU,vuelve contigo,Rels B,afroLOVA 25',2025-06-20,59,171645,79,37,78,88,95,0,13,11,-6 dB,-0.2616914876482703,
6QdwUxKYnMsTGaHP0kuq7T,"que todo siga igual,,, o que vaya mejor",Rels B,afroLOVA 25',2025-06-20,69,176000,107,62,81,15,15,0,11,11,-5 dB,0.1684541783549568,
44xDy4h27s4ENaC8fKnCoC,Cuando No Era Cantante,El Bogueto,No Hay Loco Que No Corone,2024-09-26,91,211084,166,80,74,76,23,0,6,5,-6 dB,-0.0030423335376239,
77NNZQSqzLNqh2A9JhLRkg,Don't Stop Believin',Journey,The Essential Journey,2001-10-16,77,248906,119,80,49,47,25,0,39,4,-7 dB,0.0920363595852485,
7LVHVU3tWfcxj5aiPFEW4Q,Fix You,Coldplay,X&Y,2005-06-07,86,295533,138,42,21,12,16,0,11,3,-9 dB,0.1603932899457437,
75JFxkI2RXiU7L9VXzMkle,The Scientist,Coldplay,A Rush of Blood to the Head,2002-08-27,89,309600,146,44,56,21,73,0,11,2,-7 dB,-0.0548704707851776,
1kDYCn9VIDmOIbLZ2Xc7OO,Sweet Child O' Mine,Guns N' Roses,Appetite For Destruction (Explicit Version),1987-07-21,0,356400,125,95,45,62,9,8,11,5,-5 dB,0.1403315232155171,
1mea3bSkSGXuIRvnydlB5b,Viva La Vida,Coldplay,Viva La Vida or Death and All His Friends,2008-06-06,88,242373,138,62,49,42,10,0,11,3,-7 dB,0.138867512345314,
3tSmXSxaAnU1EPGKa6NytH,In the End,Linkin Park,Hybrid Theory,2000-10-24,67,216800,105,86,56,40,1,0,21,6,-6 dB,0.0769992970758014,
4hy4fb5D1KL50b3sng9cjw,Smells Like Teen Spirit,Nirvana,Nirvana (International Version),2002-01-01,2,300826,117,91,50,72,0,0,11,6,-5 dB,0.0190517473585751,
2pDPnlF496mf3EBwrTCHN2,Paradise City,Guns N' Roses,Appetite For Destruction (Explicit Version),1987-07-21,0,406306,100,98,27,39,2,1,18,10,-6 dB,0.0643716266789993,
1jJci4qxiYcOHhQR247rEU,Kids,MGMT,Oracular Spectacular,2007-12-14,83,302840,123,93,45,17,0,0,36,7,-4 dB,0.194968126141108,
0BCPKOYdS2jbQ8iyB56Zns,Clocks,Coldplay,A Rush of Blood to the Head,2002-08-27,86,307879,131,75,58,26,60,1,18,3,-7 dB,-0.0579876497839436,
2hdhm6piUJnmKXmEmskXCg,Save Tonight,Eagle-Eye Cherry,Desireless,1997-01-01,1,242733,120,69,55,58,0,0,11,4,-9 dB,0.1363302579238301,
5s5t0OFg9lIlBFaCI14K1i,She Will Be Loved,Maroon 5,Songs About Jane,2002-06-25,1,257133,102,71,71,54,6,0,13,3,-6 dB,0.1356306464544364,
5GZEeowhvSieFDiR8fQ2im,9 Crimes,Damien Rice,9,2006-11-06,61,217946,74,17,33,10,91,0,9,3,-13 dB,-0.1940785475233767,
7Dbg5O9nNWu6SWxDjJ9qoq,In The Air Tonight,Phil Collins,Face Value,1981-01-01,2,333120,92,69,41,62,10,0,26,3,-4 dB,0.4116474408091921,
6gxycjJNMgmAyfzUXBN80P,Goodbye My Lover,James Blunt,Back to Bedlam,2005-08-08,70,258653,90,26,43,27,95,0,9,5,-13 dB,0.3001756196220715,
6vrUTGn5p8IrfTZ0J6sIVM,Iris,The Goo Goo Dolls,Greatest Hits Volume One - The Singles,2007-11-06,74,289906,156,72,32,50,0,0,9,4,-8 dB,0.1471986230462789,
6pqawkYEUzzuKve6QNfBaT,Sultans Of Swing,Dire Straits,Sultans Of Swing - The Very Best Of Dire Straits,1998-11-10,0,346600,148,80,73,93,7,3,34,3,-10 dB,0.1462881643521158,
36i9HyLz4ziVtELURFg6jf,My Immortal,Evanescence,Fallen,2003-03-31,0,262800,79,27,19,10,86,0,13,4,-9 dB,0.0840096816872105,
0gmbgwZ8iqyMPmXefof8Yf,How You Remind Me,Nickelback,Silver Side Up,2001-09-11,86,223840,172,76,45,54,0,0,10,3,-5 dB,0.1359825447201728,
6SpLc7EXZIPpy0sVko0aoU,Misery Business,Paramore,Riot!,2007-06-12,77,211520,173,91,52,73,0,0,11,7,-4 dB,-0.033775507491462,
11X4Gw3T4hoktVruLgTnm1,Heartbeats,José González,Veneer,2003-07-02,0,160240,88,18,59,31,98,71,10,3,-15 dB,0.1197582812923373,
2JS1iE5A5RHvUPH5Zl9jlF,Run to the Hills - 1998 Remastered Version,Iron Maiden,The Number Of The Beast (1998 Remastered Edition),1982,3,233960,174,94,25,46,3,0,16,7,-5 dB,0.2521076148582829,
3AJwUDP919kvQ9QcozQPxg,Yellow,Coldplay,Parachutes,2000-07-10,92,266773,173,66,43,28,0,0,23,3,-7 dB,0.2664553635829204,
0oWHLtxWeMJhmwxtrxhNK0,Welcome To The Jungle,Guns N' Roses,Appetite For Destruction (Explicit Version),1987-07-21,1,273600,124,99,45,32,2,28,27,9,-4 dB,0.2339706650147071,
0d28khcov6AiegSCpG5TuT,Feel Good Inc.,Gorillaz,Demon Days,2005-05-23,90,222640,139,71,82,77,1,0,61,18,-7 dB,0.0786995001814582,
6ORqU0bHbVCRjXm9AjyHyZ,Good Riddance (Time of Your Life),Green Day,Nimrod,1997-10-14,80,153466,95,43,48,65,18,0,16,3,-8 dB,0.1309880940687088,
0G5F2msfVO77xs7ql2RiTS,Beautiful Day,U2,U218 Singles (Deluxe Version),2006-01-01,0,245706,136,93,54,45,1,0,36,5,-6 dB,0.1220196806034951,
0kO3njY9N1Rxgv27Ha1lLh,Numb,Linkin Park,Meteora (Bonus Edition),2003-03-25,58,187520,110,87,49,21,0,0,48,4,-4 dB,-0.1771970570087432,
0vg4WnUWvze6pBOJDTq99k,You're Beautiful,James Blunt,Back to Bedlam,2005-08-08,77,209493,82,48,68,45,63,0,9,3,-10 dB,0.0371730669781013,
3ZsjgLDSvusBgxGWrTAVto,The Pretender,Foo Fighters,"Echoes, Silence, Patience & Grace",2007-09-25,0,269373,173,96,43,37,0,0,3,4,-4 dB,-0.0929222940467298,
3b7fBk9K03QWUg6F3w1G12,Det snurrar i min skalle,Familjen,Det snurrar i min skalle,2007-03-28,0,254466,130,80,64,93,0,3,6,5,-5 dB,0.0,
7C3fJ1q01IQ137IQTRwmVZ,Under The Bridge,Red Hot Chili Peppers,What Hits!?,1992-09-29,0,267560,85,35,56,46,6,0,14,5,-13 dB,0.2367428335789087,
53968oKecrFxkErocab2Al,November Rain,Guns N' Roses,Use Your Illusion I,1991-09-17,3,537506,127,95,44,51,1,0,32,9,-3 dB,-0.0197050717839023,
7kzKAuUzOITUauHAhoMoxA,Last Nite,The Strokes,Is This It,2001-07-30,74,193506,104,90,62,79,2,0,10,3,-6 dB,-0.1384838906855418,
4CeT4xcG9c345vvUhldXOc,Alias,In Flames,A Sense of Purpose,2008-04-04,0,289240,170,93,43,36,2,0,20,6,-4 dB,0.0373107304698542,
2QoAsBYPMO1rbgtRgXIS62,I Don't Want To Miss A Thing,Aerosmith,"O, Yeah! Ultimate Aerosmith Hits",2002,0,298053,121,66,38,14,17,0,25,3,-5 dB,0.2892773209937981,
7w4Tbkbx081vRJa8ol56Qf,Walk Of Life,Dire Straits,Sultans Of Swing - The Very Best Of Dire Straits,1998-11-10,0,249333,172,94,46,81,42,0,14,10,-7 dB,0.2662453602912814,
4fmHQdt9I9mi4hAVmt0Iyz,I Only Wanna Be With You,Volbeat,The Strength/The Sound/The Songs,2005-09-30,0,164093,138,99,43,60,0,1,4,9,-5 dB,0.1783335230180195,
2PkeVPcL32LA96cK5ySC3c,Yeah!,USHER,Yeah!,2004-02-09,1,250066,105,79,90,59,2,0,4,11,-5 dB,-0.0823240313265058,
74EV0g12ihUoOUXMprFpZB,Losing My Religion,R.E.M.,Out Of Time (U.S. Version),1991-01-01,2,267733,126,86,67,80,18,0,10,3,-5 dB,0.0055459042390187,
4JErskWxmILvav6U2PkTbn,What I've Done,Linkin Park,What I've Done,2007-04-06,37,205613,87,48,33,34,62,0,11,4,-9 dB,0.1571905632552347,
7BHPGtpuuWWsvE7cCaMuEU,Naive,The Kooks,Inside In / Inside Out,2006-01-01,78,203506,103,82,55,72,7,0,13,6,-6 dB,-0.0148494288606463,
2RknY4IqSPwagR0v5wchIW,Don't Stop Me Now,Queen,Jazz,1978-11-10,0,209447,156,86,47,60,2,2,66,26,-6 dB,-0.063157067199548,
5ZPp1V3PufN6qhAe3rLNmb,Kryptonite,3 Doors Down,The Better Life,2000,1,233826,99,87,55,54,1,0,17,3,-6 dB,0.0530503739913304,
2C4aYxNpoPkmoZ3ZdPeuOB,Knockin' On Heaven's Door,Guns N' Roses,Use Your Illusion II (Explicit Version),1991-09-18,1,336000,132,74,50,38,2,0,11,4,-7 dB,-0.0080328630283474,
3wNXqTMimmuTEj1iEPftC7,Another Day In Paradise,Phil Collins,...But Seriously,1989-11-10,1,322173,102,68,71,68,79,93,22,3,-7 dB,0.105943951010704,
1WYEDcS7WGjv0rG7rmMX3o,Bitter Sweet Symphony,The Verve,This Is Music: The Singles 92-98,2004-01-01,65,359546,171,92,36,52,3,0,41,5,-6 dB,0.146885475734385,
2n6FX3Jcg4b4Leoz0GOqBF,Wherever You Will Go,The Calling,Camino Palmero,2001,69,208506,112,72,56,37,4,0,12,3,-5 dB,0.1293487407267093,
1vxw6aYJls2oq3gW0DujAo,Crazy,Gnarls Barkley,St. Elsewhere,2007-12-01,82,177933,112,74,84,61,2,6,8,3,-2 dB,0.119223705596394,
3husjxyCMBvNeiTEcrpPSe,Unfaithful,Rihanna,A Girl Like Me,2006-04-10,0,224629,144,39,59,35,84,0,23,3,-9 dB,-0.0219561772850843,
5ROeX4Hi9XoBT5hmBR1xra,Summer Of '69,Bryan Adams,Reckless,1984-01-01,0,216973,139,83,51,77,2,0,7,4,-6 dB,0.1219050871001349,
7kw6yVmdZGuRcWGi4adXYT,Take Me Out,Franz Ferdinand,Franz Ferdinand,2004,0,239026,105,66,28,53,0,0,14,4,-9 dB,-0.2940960754366482,
2cKCSngj4rdMI9K1deFJOe,Rockstar,Nickelback,All the Right Reasons,2005-09-26,53,255520,144,91,62,69,5,0,34,4,-3 dB,0.20494964654031,
1yslmgUcM2AOkOPS4sl3QV,Bohemian Rhapsody,Queen,A Night At The Opera,1975-11-21,0,355106,144,40,39,23,29,0,24,5,-10 dB,-0.0749132956596131,
3m6KkYKdnbffMpGd9Pm9FP,Seven Nation Army,The White Stripes,Elephant,2003-04-01,6,231920,124,45,74,28,0,12,34,7,-8 dB,0.0770188443086765,
0rkzM1FJh4xWCTF1NwDGYN,Better Together,Jack Johnson,In Between Dreams,2005-01-01,0,207680,110,35,87,66,31,0,11,5,-10 dB,0.0384751669269927,
3yP0cohcr97BUNJcgvmSVg,The Passenger,Iggy Pop,Lust For Life,1977-09-09,2,284066,135,89,50,70,9,0,73,5,-5 dB,0.264284032334884,
4nUM7pGcTUK2pY1d2LybrT,Best of You,Foo Fighters,Best Of You,2005-05-30,0,256600,130,94,37,37,0,0,19,7,-5 dB,0.2166924017374633,
1mzn6CQ71eUmgCSfbVmicN,Smooth Criminal - Radio Edit,Michael Jackson,The Essential Michael Jackson,2005-07-19,0,257240,118,96,85,59,15,49,32,7,-6 dB,-0.073867252987364,
2Ms33RTRCT6gArrpcrPxmo,Feel,Robbie Williams,Escapology,2002,78,263866,98,73,60,30,1,0,14,3,-7 dB,0.141111315361091,
5r35Zd5Onw3aV3Gm9XdgtI,Come As You Are,Nirvana,Nirvana (International Version),2002-01-01,0,219026,120,82,50,54,0,0,9,4,-6 dB,0.0248642708174884,
0uqPG793dkDDN7sCUJJIVC,Where Is The Love?,Black Eyed Peas,Elephunk (International Version),2003-01-01,2,272533,94,70,83,81,11,0,13,18,-3 dB,0.048300618662479,
2cJz1loJp5EZM6shmQpLZN,"Harder, Better, Faster, Stronger",Daft Punk,"Harder, Better, Faster, Stronger",2001-10-13,48,226413,123,72,82,69,4,0,36,14,-9 dB,0.1468374954865259,
121so7t3AeX6nLMvxy9ZP9,Hide and Seek,Imogen Heap,Speak For Yourself,2006-04-08,0,268866,121,17,45,11,90,0,20,7,-11 dB,-0.0084988048263624,
1RKUoGiLEbcXN4GY4spQDx,Clint Eastwood,Gorillaz,Gorillaz,2001-03-26,81,340920,168,69,66,53,3,0,7,17,-9 dB,0.0737415147679192,
0Ko737UNjXO17LK4Urdlwo,Fortunate Son,Creedence Clearwater Revival,More Creedence Gold,1973-01-01,1,138400,133,66,64,66,20,1,15,4,-8 dB,-0.2316871716507843,
1yN2z5XVtaAOYGdeEqEuqd,Lemon Tree,Fools Garden,Dish Of The Day,1995,0,191026,143,48,66,64,64,0,12,4,-9 dB,0.0696434375237334,
1iNeZGJsoC0D7ZyJTdIbDS,Technologic,Daft Punk,Human After All,2005-03-11,60,284280,127,52,81,63,0,0,10,22,-7 dB,-0.2695112027026511,
67Hna13dNDkZvBpTXRIaOJ,Teardrop,Massive Attack,Mezzanine,1998-01-01,75,330773,77,42,62,22,2,50,14,4,-9 dB,-0.1472283424093173,
3NldGYmhDLK98kOOo4J1lg,I Still Haven't Found What I'm Looking For,U2,U218 Singles (Deluxe Version),2006-01-01,0,277333,101,77,56,66,1,0,9,4,-9 dB,0.0890978295356035,
3kZC0ZmFWrEHdUCmUqlvgZ,I Will Follow You into the Dark,Death Cab for Cutie,Plans,2005-08-29,64,189186,80,21,52,49,92,0,12,4,-12 dB,0.1461859447034922,
28AZM08WStiEXfqN065BvN,Everybody Hurts,R.E.M.,"In Time: The Best Of R.E.M., 1988-2003",2003-10-28,0,318240,94,32,47,17,62,2,12,3,-10 dB,0.0772401811555028,
7vwkKw2Xd7Pks1X712Au0T,Remember the Name (feat. Styles of Beyond),Fort Minor,The Rising Tied (Deluxe Edition),2005-11-15,8,230493,85,84,69,88,6,0,8,9,-4 dB,0.0240768999925681,
66S14BkJDxgkYxLl5DCqOz,I'm Gonna Be (500 Miles),The Proclaimers,Finest,2003-09-01,69,219466,132,55,85,81,15,0,8,4,-5 dB,0.1234326428029595,
5zF2zGPkL6Ipsn9AfAK6RP,This Love,Maroon 5,Songs About Jane,2002-06-25,2,206200,95,86,71,81,5,0,9,4,-5 dB,0.0498665397943452,
7utRJ4BeYx85khzP3lKoBX,Tears in Heaven,Eric Clapton,Clapton Chronicles: The Best of Eric Clapton,1999-10-12,0,271760,154,24,50,31,84,54,13,3,-12 dB,0.002770540840698,
22c2pt75xtnDddA5Zlm0yy,All Star,Smash Mouth,All Star Smash Hits,2005-01-01,1,200560,104,87,73,78,4,0,9,3,-6 dB,0.2437548341770326,
3gNGi2iUGHXGpBQHce6Nua,When You Were Young,The Killers,Sam's Town,2006-10-03,1,220426,130,99,47,32,0,5,28,11,-3 dB,0.1834717471152544,
265Anh9hGoozFigjUVLUeD,New Shoes,Paolo Nutini,These Streets,2007-01-30,66,203653,150,74,75,85,47,0,9,9,-9 dB,0.1950526051876837,
56NkIxSZZiMpFP5ZNSxtnT,Someday,The Strokes,Is This It,2001-07-30,73,183573,106,52,54,68,0,0,37,3,-7 dB,-0.0389060563332325,
6BLpO1HyXTVHlv0fTT3mme,Knocked Up,Kings of Leon,Because Of The Times,2007-04-03,0,430346,121,69,38,21,27,9,18,4,-13 dB,-0.0532695085837923,
0DQtwZLpvln583U1WWv6To,Sympathy For The Devil,The Rolling Stones,Beggars Banquet,1968-12-06,0,377760,114,68,57,61,58,0,4,26,-11 dB,0.0560374693835482,
0jqK7sGTLsHPkQrrcrGuKD,Still Waiting,Sum 41,Does This Look Infected?,2002-01-01,72,158733,192,95,43,56,0,0,27,26,-5 dB,-0.0156692810680555,
4TZCgwX3si4FsGqboRct9A,Brothers In Arms - Edit,Dire Straits,Sultans Of Swing - The Very Best Of Dire Straits,1998-11-10,0,290713,79,37,30,14,55,85,19,3,-8 dB,0.2558120318821498,
7clUVcSOtkNWa58Gw5RfD4,Speed of Sound,Coldplay,X&Y,2005-06-07,74,287906,123,90,51,35,0,3,7,6,-7 dB,0.0383606828425241,
6j5XX0wwygH7kqTWplx7j4,Money For Nothing - Edit,Dire Straits,Sultans Of Swing - The Very Best Of Dire Straits,1998-11-10,0,246840,134,81,67,81,7,0,10,4,-6 dB,0.0047730022006564,
05NEcj4geEg0JthGNSGUI7,Time After Time,Cyndi Lauper,Time After Time: The Best Of,2000-02-12,0,237866,130,45,73,29,49,0,8,3,-9 dB,-0.0111261564631794,
17q9gSD214wClyCjqrhmgH,Om du lämnade mig nu,Lars Winnerbäck,Daugava,2007-01-01,55,247426,108,48,49,46,27,1,12,3,-11 dB,0.0,
7afSN5zhUhkbpRFpYKYztK,The Reason,Hoobastank,The Reason,2003-01-01,0,232800,83,64,46,7,1,0,14,3,-6 dB,0.2301415055990219,
1pKYYY0dkg23sQQXi0Q5zN,Around the World,Daft Punk,Homework,1997-01-17,76,429533,121,80,96,84,0,89,9,15,-5 dB,0.4390701055526733,
0uIiMH63tVwLfmMt7OXx2h,Curly Sue,Takida,Bury The LIes,2007-05-28,0,233026,112,52,67,84,47,0,5,5,-12 dB,0.3282550349831581,
12qZHAeOyTf93YAWvGDTat,All The Small Things,blink-182,Enema Of The State,1999-01-01,4,168000,149,90,43,69,1,0,61,5,-5 dB,0.058324349588818,
4Jx56iDETiOYzYSgW1CcmM,IMPOSTOR,CA7RIEL & Paco Amoroso,PAPOTA,2025-03-06,65,157937,113,75,77,72,43,0,18,18,-6 dB,-0.1924567942468213,
69QHm3pustz01CJRwdo20z,Hells Bells,AC/DC,Back In Black,1980-07-25,78,312815,107,87,39,30,1,1,27,5,-5 dB,0.0452295057475566,
0C80GCp0mMuBzLf3EAXqxv,Shoot to Thrill,AC/DC,Back In Black,1980-07-25,76,318231,141,90,45,49,0,10,37,7,-5 dB,0.0558908193741204,
6Th6ND8RQPywiyelecP5Lf,What Do You Do for Money Honey,AC/DC,Back In Black,1980-07-25,58,215675,126,86,53,50,1,0,75,6,-5 dB,-0.0388327295842923,
6rAy2MsMUabbqu2VygrblP,Givin the Dog a Bone,AC/DC,Back In Black,1980-07-25,55,212400,133,98,53,74,7,0,23,6,-4 dB,-0.0129568395870072,
5XeMsYb1rWxQL1bUUaZajn,Let Me Put My Love Into You,AC/DC,Back In Black,1980-07-25,58,256057,106,90,40,63,12,0,14,5,-4 dB,0.2910485978043357,
08mG3Y1vljYA6bvDt4Wqkj,Back In Black,AC/DC,Back In Black,1980-07-25,86,256000,188,70,31,76,1,1,8,5,-6 dB,-0.0371194576414731,
2SiXAy7TuUkycRVbbWDEpo,You Shook Me All Night Long,AC/DC,Back In Black,1980-07-25,83,210328,127,77,53,76,0,0,39,6,-6 dB,0.0535244340697924,
4dDurgTN3eGyU0ghzFJ0T1,Have a Drink on Me,AC/DC,Back In Black,1980-07-25,66,239104,122,89,42,42,0,1,65,5,-5 dB,0.076381866633892,
2MCUmp0I98gsJBmey7DfZS,Shake a Leg,AC/DC,Back In Black,1980-07-25,52,246059,152,94,42,62,2,1,32,9,-4 dB,-0.0377600716474728,
6J17MkMmuzBiIOjRH6MOBZ,Rock and Roll Ain't Noise Pollution,AC/DC,Back In Black,1980-07-25,63,255648,95,66,58,72,4,0,6,4,-6 dB,0.179434863726298,
3uaVLkgDqlYy153yFBUVtl,Mustapha - Remastered 2011,Queen,Jazz (2011 Remaster),1978-11-10,41,181026,153,63,60,46,48,0,7,13,-10 dB,0.0121632645406374,
6IAVxNFi1W88UhDeyvOsdo,Fat Bottomed Girls - 2011 Remaster,Queen,Jazz (2011 Remaster),1978-11-10,66,255600,89,68,34,40,3,0,34,5,-8 dB,0.0,
6VH7sh6fC6YPi297UC2Fkg,Jealousy - Remastered 2011,Queen,Jazz (2011 Remaster),1978-11-10,46,193146,81,48,58,21,21,0,24,3,-10 dB,-0.0049110434272072,
5CTAcf8aS0a0sIsDwQRF9C,Bicycle Race - Remastered 2011,Queen,Jazz (2011 Remaster),1978-11-10,60,180813,83,67,43,61,6,0,10,8,-6 dB,0.1534604601286075,
5HJiNvg6s7ovq5kPrztHKp,If You Can't Beat Them - Remastered 2011,Queen,Jazz (2011 Remaster),1978-11-10,39,255186,140,77,43,67,0,1,36,7,-5 dB,0.0638947061649183,
00ITtxUozN0vifE2uYvtqn,Let Me Entertain You - Remastered 2011,Queen,Jazz (2011 Remaster),1978-11-10,39,181693,125,97,48,35,0,0,9,6,-5 dB,0.1761481198595791,
3OCQ5ybKASY4EIb4i9hsd7,Dead On Time - Remastered 2011,Queen,Jazz (2011 Remaster),1978-11-10,38,203346,144,96,31,41,1,0,23,29,-5 dB,-0.22018820212947,
06UXtRLTF6kdMSM3uaVCCU,In Only Seven Days - Remastered 2011,Queen,Jazz (2011 Remaster),1978-11-10,40,149253,115,47,52,43,42,0,11,3,-7 dB,-0.0564253709532997,
0TpWjIOuNMnpuRjriPbGiF,Dreamer's Ball - Remastered 2011,Queen,Jazz (2011 Remaster),1978-11-10,45,210146,92,37,59,40,83,0,42,4,-8 dB,0.26737628156139,
6jtctBYvybxCAmlg7nT6CS,Fun It - Remastered 2011,Queen,Jazz (2011 Remaster),1978-11-10,36,208826,114,62,83,84,12,1,7,30,-7 dB,0.2324631710847219,
16aW2zHbbpDDoSy0HCA8xc,Leaving Home Ain't Easy - Remastered 2011,Queen,Jazz (2011 Remaster),1978-11-10,37,195040,108,45,52,22,5,0,11,3,-9 dB,-0.1021182490246636,
5T8EDUDqKcs6OSOwEsfqG7,Don't Stop Me Now - Remastered 2011,Queen,Jazz (2011 Remaster),1978-11-10,84,209413,156,87,56,60,5,0,77,16,-5 dB,-0.0690522988637288,
2YrfSHux2BaTXQs1535EHC,More Of That Jazz - Remastered 2011,Queen,Jazz (2011 Remaster),1978-11-10,37,256653,174,72,36,51,3,0,9,6,-6 dB,0.0424885359548387,
278kSqsZIiYp8p3QjYAqa8,NI BIEN NI MAL,Bad Bunny,X 100PRE,2018-12-23,71,236215,128,45,83,33,55,0,28,7,-8 dB,-0.1920383477867659,
5jGUJXnELDaDTgiRjD9lsg,200 Mph,Bad Bunny,X 100PRE,2018-12-23,65,170509,160,50,85,82,1,0,9,7,-7 dB,0.0707960569736908,
6kN06eEOblRAuWI0xUUS91,¿Quien Tu Eres?,Bad Bunny,X 100PRE,2018-12-23,61,159228,137,58,73,32,19,0,13,14,-7 dB,-0.0588666154666149,
6it15CsDlkqB7N4lF0C1qM,Caro,Bad Bunny,X 100PRE,2018-12-23,69,229455,160,57,68,26,62,0,10,30,-8 dB,-0.2425454151299264,
5VQpJ2AY2iMzrRZKgcvNjh,Tenemos Que Hablar,Bad Bunny,X 100PRE,2018-12-23,63,224512,175,71,72,45,12,0,9,14,-6 dB,-0.1568327099774722,
4vCAzANUWDE24URV6wQ4ra,Otra Noche en Miami,Bad Bunny,X 100PRE,2018-12-23,78,233128,89,65,51,28,20,0,10,29,-9 dB,-0.0911727468719927,
4UEuIEv9Wc3wtiWUplGJ7q,Ser Bichote,Bad Bunny,X 100PRE,2018-12-23,61,193210,155,63,79,18,15,0,20,7,-8 dB,-0.0976739218113599,
35wvL50xvKpCHEJPxLOLPI,Si Estuviésemos Juntos,Bad Bunny,X 100PRE,2018-12-23,80,169247,172,60,67,16,6,0,16,8,-7 dB,-0.0775609342824845,
4uP3pUP18ennmz0tb3GphR,Solo de Mi,Bad Bunny,X 100PRE,2018-12-23,70,197967,180,73,74,15,29,0,8,13,-4 dB,-0.1635761248822115,
5mj8WVFcKdGA8p9HWGTSLc,Cuando Perriabas,Bad Bunny,X 100PRE,2018-12-23,63,188654,164,70,74,50,14,0,11,9,-8 dB,0.0014475150033831,
1khmgu0pveJbkbpbkyvcQv,La Romana,Bad Bunny,X 100PRE,2018-12-23,76,300579,126,73,65,33,3,0,6,19,-5 dB,-0.0362603994640144,
69ZaPBHhRMRDjRpW1ivnOU,Como Antes,Bad Bunny,X 100PRE,2018-12-23,70,230577,104,38,77,25,67,0,22,4,-10 dB,0.0134620532732118,
6pZHZndlo57dPCYnvlYFOE,RLNDT,Bad Bunny,X 100PRE,2018-12-23,67,284852,108,53,59,16,26,0,59,3,-7 dB,-0.1759156359419707,
2OWVCFTolecLiGZPquvWvT,Estamos Bien,Bad Bunny,X 100PRE,2018-12-23,71,208079,120,54,79,44,82,0,11,14,-7 dB,0.1272865034639835,
3gE4eQH3K83Sght0ZLvuBK,MIA,Bad Bunny,X 100PRE,2018-12-23,77,210367,97,54,82,16,1,0,10,6,-6 dB,0.0612758399168057,
71pEiUWwfDFiRO6RmFpnBf,MOJAITA,J Balvin,OASIS,2019-06-28,63,187333,172,84,45,89,2,0,38,10,-4 dB,0.12564641641719,
0uIfrUwwg0Z7KTitul7E3T,YO LE LLEGO,J Balvin,OASIS,2019-06-28,63,249600,155,79,79,53,1,0,10,6,-5 dB,-0.011013840057262,
6SYSu569pfYdkDT9A5lZqi,CUIDAO POR AHÍ,J Balvin,OASIS,2019-06-28,62,198320,91,81,85,59,11,0,17,8,-3 dB,-0.0207403815750564,
25ZAibhr3bdlMCLmubZDVt,QUE PRETENDES,J Balvin,OASIS,2019-06-28,81,222346,93,79,64,93,3,0,36,25,-4 dB,-0.1430654165280216,
0fea68AdmYNygeTGI4RC18,LA CANCIÓN,J Balvin,OASIS,2019-06-28,88,242573,176,65,76,43,15,0,11,32,-6 dB,-0.0713621580766307,
7hynhxDoDpgMIV12JuVtNa,UN PESO,J Balvin,OASIS,2019-06-28,79,277106,79,68,63,96,13,0,8,21,-7 dB,-0.2370402697898164,
7alOsNr36sJ8CyOEP4aILq,ODIO,J Balvin,OASIS,2019-06-28,63,270400,140,70,74,53,22,0,12,4,-4 dB,-0.3190999634161189,
7knLcYCOSaURD0d7HUULFM,COMO UN BEBÉ,J Balvin,OASIS,2019-06-28,71,218826,103,81,83,82,7,0,14,10,-6 dB,0.0513283747685961,
41wtwzCZkXwpnakmwJ239F,Si Veo a Tu Mamá,Bad Bunny,YHLQMDLG,2020-02-29,82,170971,130,60,90,82,40,0,13,6,-5 dB,-0.1177961762462343,
6NfrH0ANGmgBXyxgV2PeXt,La Difícil,Bad Bunny,YHLQMDLG,2020-02-29,73,163084,180,85,69,76,9,0,8,9,-5 dB,-0.0837671561539173,
75pQqzwgCjUOSSy5CpmAjy,Pero Ya No,Bad Bunny,YHLQMDLG,2020-02-29,68,160638,148,61,88,74,5,0,18,12,-6 dB,-0.1960244194881336,
69vlMrzHwATKzupwNcUPyK,La Santa,Bad Bunny,YHLQMDLG,2020-02-29,81,206420,93,87,74,59,3,0,8,5,-5 dB,-0.0671697988266676,
0SqqAgdovOE24BzxIClpjw,Yo Perreo Sola,Bad Bunny,YHLQMDLG,2020-02-29,75,172127,97,76,86,45,2,0,34,7,-5 dB,-0.0943666541756227,
4j4w4CXm6BSr0s25wAWrrX,Bichiyal,Bad Bunny,YHLQMDLG,2020-02-29,76,196500,94,77,74,66,31,0,11,5,-4 dB,-0.0233809788947674,
7sOfmPd18RWp3FoCzpa7Kw,Soliá,Bad Bunny,YHLQMDLG,2020-02-29,73,159282,92,81,71,18,12,0,15,9,-6 dB,-0.0809270795434713,
5kqNIqFjijuzvVLhuY9B8j,La Zona,Bad Bunny,YHLQMDLG,2020-02-29,70,136892,94,80,76,81,20,0,25,4,-4 dB,-0.0921973160103611,
53v2u51nq3CxiKUNphRzP1,Que Malo,Bad Bunny,YHLQMDLG,2020-02-29,73,167975,94,79,80,45,8,0,15,6,-6 dB,-0.1414309243782092,
2n7ohqg1s68ToAHh4u9mcW,Vete,Bad Bunny,YHLQMDLG,2020-02-29,73,192024,92,67,89,53,4,0,10,19,-4 dB,-0.0456457288274841,
38RIEav39FGi86jppxO0du,Ignorantes,Bad Bunny,YHLQMDLG,2020-02-29,70,210606,96,54,85,51,27,0,10,6,-5 dB,-0.0338126871502026,
4r9jkMEnArtWGH2rL2FZl0,A Tu Merced,Bad Bunny,YHLQMDLG,2020-02-29,77,175918,92,79,86,89,17,0,11,6,-5 dB,-0.1040504326423009,
5J7teKIJGtqVypgYI6sqXj,Una Vez,Bad Bunny,YHLQMDLG,2020-02-29,78,232496,84,60,55,54,13,0,10,8,-5 dB,-0.0110951818420853,
2DEZmgHKAvm41k4J3R2E9Y,Safaera,Bad Bunny,YHLQMDLG,2020-02-29,79,295176,96,83,61,69,1,0,11,38,-4 dB,-0.0163557601116952,
4NqQaovM14WR2hNPMFxgjb,25/8,Bad Bunny,YHLQMDLG,2020-02-29,74,243275,152,73,76,54,9,0,7,5,-5 dB,-0.0436898411025066,
4saHEjXw7O1NXJOzBkUKKG,Está Cabrón Ser Yo,Bad Bunny,YHLQMDLG,2020-02-29,70,227939,154,85,81,88,7,0,12,25,-4 dB,-0.0680352603395779,
5gCg2qMPzKkW4jS4dBKdDs,Puesto Pa' Guerrial,Bad Bunny,YHLQMDLG,2020-02-29,62,190207,140,69,87,66,31,0,10,22,-5 dB,-0.1184154961790357,
0fgsKar6uBO08vzHXkTjWi,P FKN R,Bad Bunny,YHLQMDLG,2020-02-29,64,258280,101,64,82,53,41,0,24,8,-6 dB,-0.0312547256377921,
1V8XneTrX6kKeoxYbk4x6h,Hablamos Mañana,Bad Bunny,YHLQMDLG,2020-02-29,70,240253,156,68,68,51,9,0,10,5,-4 dB,-0.0496764434895045,
4MZSqgwlE71CWZ6qQ3gkKm,<3,Bad Bunny,YHLQMDLG,2020-02-29,70,157967,80,67,63,63,60,0,15,23,-8 dB,0.0967166607463082,
1zaDh3qaGSeSmulNyWlUxm,SI ELLA SALE,Bad Bunny,LAS QUE NO IBAN A SALIR,2020-05-10,54,143240,148,73,87,92,6,1,11,12,-7 dB,-0.0569978946199019,
4EJHKSnHENfjOxXWryyNtL,MÁS DE UNA CITA,Bad Bunny,LAS QUE NO IBAN A SALIR,2020-05-10,61,183520,93,50,87,32,1,0,10,9,-11 dB,-0.0849164666041084,
0FktnzDqjClqU6iqOZVEs2,BYE ME FUI,Bad Bunny,LAS QUE NO IBAN A SALIR,2020-05-10,65,178000,180,60,71,59,41,0,10,11,-6 dB,-0.2304223796655965,
3pm4XtcsRIFFtH2UErk62R,CANCIÓN CON YANDEL,Yandel,LAS QUE NO IBAN A SALIR,2020-05-10,70,209180,80,74,75,50,45,0,12,40,-4 dB,0.0501873604321883,
5XqCz18k96K8tx6DAYM97i,PA' ROMPERLA,Bad Bunny,LAS QUE NO IBAN A SALIR,2020-05-10,67,194200,94,83,77,70,2,0,8,6,-5 dB,-0.0115931254448526,
5bmSver2b3ZXyuyLKtgnFI,BAD CON NICKY,Bad Bunny,LAS QUE NO IBAN A SALIR,2020-05-10,62,202240,93,73,59,71,32,0,66,9,-5 dB,-0.1095916035656745,
2CoMYp2uIKsT09nreEZnZn,BENDICIONES,Bad Bunny,LAS QUE NO IBAN A SALIR,2020-05-10,62,155060,144,58,83,84,4,0,10,7,-10 dB,0.101886249314516,
6KFjMJJq8UZpfUyDgeH0Yl,CÓMO SE SIENTE - Remix,JHAYCO,LAS QUE NO IBAN A SALIR,2020-05-10,1,227120,93,71,82,78,17,0,29,4,-4 dB,-0.0291229546824588,
3XZeOzJ9tqnu58YP6cqApI,RONCA FREESTYLE,Bad Bunny,LAS QUE NO IBAN A SALIR,2020-05-10,58,150060,90,66,86,59,17,0,10,13,-6 dB,-0.1665124817952221,
2DhNdoHxavs7Qtf5MnhZD0,EN CASITA,Bad Bunny,LAS QUE NO IBAN A SALIR,2020-05-10,52,176440,158,76,78,68,22,0,9,9,-8 dB,-0.1175640091458533,
36DHxTW2xdr9GG15T9oK9L,EL MUNDO ES MÍO,Bad Bunny,EL ÚLTIMO TOUR DEL MUNDO,2020-11-27,65,165199,77,52,72,22,17,0,11,6,-7 dB,-0.0462747250751751,
5RubKOuDoPn5Kj5TLVxSxY,TE MUDASTE,Bad Bunny,EL ÚLTIMO TOUR DEL MUNDO,2020-11-27,75,130013,92,64,81,47,23,0,12,6,-5 dB,-0.0694760120120541,
0tjZv2hChdHZCW1zFXpy1J,HOY COBRÉ,Bad Bunny,EL ÚLTIMO TOUR DEL MUNDO,2020-11-27,69,162151,145,73,86,38,5,0,10,25,-7 dB,-0.077837986483549,
0Lsis3LB0XAK6XlTHXaJk2,MALDITA POBREZA,Bad Bunny,EL ÚLTIMO TOUR DEL MUNDO,2020-11-27,65,213609,133,86,76,59,14,0,10,7,-4 dB,-0.2432477999301183,
2XIc1pqjXV3Cr2BQUGNBck,LA NOCHE DE ANOCHE,Bad Bunny,EL ÚLTIMO TOUR DEL MUNDO,2020-11-27,78,203200,82,62,86,39,3,0,9,29,-5 dB,-0.1304178892032188,
23XjN1s3DZC8Q9ZwuorYY4,TE DESEO LO MEJOR,Bad Bunny,EL ÚLTIMO TOUR DEL MUNDO,2020-11-27,71,139576,126,60,76,19,16,0,11,4,-5 dB,-0.1222662063581603,
5fROvzNghPid8mbKNDYvpJ,YO VISTO ASÍ,Bad Bunny,EL ÚLTIMO TOUR DEL MUNDO,2020-11-27,68,191526,123,88,69,68,9,0,8,5,-5 dB,-0.040130921997703,
26QApq0cuO9brJigr0C0W4,HACIENDO QUE ME AMAS,Bad Bunny,EL ÚLTIMO TOUR DEL MUNDO,2020-11-27,75,217768,170,41,58,41,87,0,10,8,-7 dB,-0.083723944696513,
26w9NTiE9NGjW1ZvIOd1So,BOOKER T,Bad Bunny,EL ÚLTIMO TOUR DEL MUNDO,2020-11-27,76,156430,114,60,88,69,11,0,9,37,-7 dB,-0.1264395496711648,
67ACYA3UI6QMNtHX6b34wX,LA DROGA,Bad Bunny,EL ÚLTIMO TOUR DEL MUNDO,2020-11-27,71,162299,90,73,64,30,4,0,12,4,-6 dB,-0.2328817761288239,
4MzXwWMhyBbmu6hOcLVD49,DÁKITI,Bad Bunny,EL ÚLTIMO TOUR DEL MUNDO,2020-11-27,78,205090,110,57,73,14,40,0,11,5,-10 dB,-0.0115724639393962,
09WAnxdBuebQopKhJT3oZS,TRELLAS,Bad Bunny,EL ÚLTIMO TOUR DEL MUNDO,2020-11-27,64,157673,91,41,43,5,20,0,32,3,-5 dB,0.088820922587599,
5jZ32WOU7sqzDYbzINwMUk,SORRY PAPI,Bad Bunny,EL ÚLTIMO TOUR DEL MUNDO,2020-11-27,71,163053,192,56,61,39,6,0,14,9,-6 dB,0.0853109172234932,
3KJ3opyV29269SXkPrc19l,120,Bad Bunny,EL ÚLTIMO TOUR DEL MUNDO,2020-11-27,76,151506,172,66,64,44,45,0,29,7,-6 dB,-0.0916188848870141,
7kjEqI6eZ7YlFrGhxixnlN,ANTES QUE SE ACABE,Bad Bunny,EL ÚLTIMO TOUR DEL MUNDO,2020-11-27,72,221186,140,55,69,47,51,0,32,6,-6 dB,0.00628518142427,
2Iv6YBslkxslMJQsxshZh5,CANTARES DE NAVIDAD,Trio Vegabajeño,EL ÚLTIMO TOUR DEL MUNDO,2020-11-27,57,199720,119,52,76,96,78,0,35,4,-7 dB,-0.1272087584560116,
23d8v6tU6lR77pFKsApMtF,NADIE SABE,Bad Bunny,nadie sabe lo que va a pasar mañana,2023-10-13,73,379058,170,71,53,58,57,0,8,7,-5 dB,-0.1471293069777034,
4MjDJD8cW7iVeWInc2Bdyj,MONACO,Bad Bunny,nadie sabe lo que va a pasar mañana,2023-10-13,82,267194,139,62,79,13,15,0,58,7,-5 dB,-0.0209275264825139,
3nNmRE0DxHC6ZaKkrpUumS,FINA,Bad Bunny,nadie sabe lo que va a pasar mañana,2023-10-13,76,216327,95,72,85,40,9,0,12,30,-5 dB,-0.0013307312672788,
4qSEvFGCpde73gqIuq3sho,HIBIKI,Bad Bunny,nadie sabe lo que va a pasar mañana,2023-10-13,73,208000,120,65,80,53,60,0,12,7,-6 dB,-0.103533199429512,
1ODFVLQszq0hCOdZtqV5wq,MR. OCTOBER,Bad Bunny,nadie sabe lo que va a pasar mañana,2023-10-13,73,189258,126,61,81,43,19,0,13,17,-6 dB,-0.0513018271885812,
4Jc7252S1P99DjQ1lNGEOc,CYBERTRUCK,Bad Bunny,nadie sabe lo que va a pasar mañana,2023-10-13,73,191959,152,91,70,10,37,0,11,34,-5 dB,-0.0958637265982676,
0rDQZJtSGgsB2rdkObpdFa,VOU 787,Bad Bunny,nadie sabe lo que va a pasar mañana,2023-10-13,68,123643,125,56,83,56,5,0,27,20,-8 dB,0.0263751795887947,
1YnChEM51BVZ5dRhbVFEMl,SEDA,Bad Bunny,nadie sabe lo que va a pasar mañana,2023-10-13,71,190476,126,57,71,23,27,0,11,13,-6 dB,0.0319111689803053,
1U3A66OHQyTu4N2QTMsP86,GRACIAS POR NADA,Bad Bunny,nadie sabe lo que va a pasar mañana,2023-10-13,68,177450,144,56,78,27,33,0,11,23,-5 dB,-0.1587678563188422,
01ppKlDRCmPpusO3yNrSRY,TELEFONO NUEVO,Bad Bunny,nadie sabe lo que va a pasar mañana,2023-10-13,74,354784,126,62,62,39,41,0,9,49,-6 dB,-0.1018323378894871,
3NhstUmrlhaN1M6hP8zMbb,BABY NUEVA,Bad Bunny,nadie sabe lo que va a pasar mañana,2023-10-13,74,240773,118,63,87,36,50,0,33,6,-5 dB,-0.1272858071686892,
3TYOH7ta0101NYssoH5GlU,MERCEDES CAROTA,Bad Bunny,nadie sabe lo que va a pasar mañana,2023-10-13,73,202635,134,49,82,19,39,0,12,22,-6 dB,-0.1395194658006613,
7ucEkWU0SVy0XFdfXESgfY,LOS PITS,Bad Bunny,nadie sabe lo que va a pasar mañana,2023-10-13,71,250851,94,67,75,69,44,0,15,45,-5 dB,-0.0242581880549983,
3mRF0YNsDdFKFnxwg16hSz,VUELVE CANDY B,Bad Bunny,nadie sabe lo que va a pasar mañana,2023-10-13,71,266171,123,69,79,23,22,0,15,9,-3 dB,-0.0444674752652645,
5qzLdvRViHUrRNdkpakG7C,BATICANO,Bad Bunny,nadie sabe lo que va a pasar mañana,2023-10-13,70,256000,105,60,79,43,46,0,13,7,-8 dB,-0.0224239976234632,
39L3LdlHS3gqB62HPWaJRg,NO ME QUIERO CASAR,Bad Bunny,nadie sabe lo que va a pasar mañana,2023-10-13,81,225654,99,70,91,76,32,0,8,12,-5 dB,-0.020031914966447,
2sTDlCxmuZCTDKKk9f1qus,WHERE SHE GOES,Bad Bunny,nadie sabe lo que va a pasar mañana,2023-10-13,73,231704,144,80,65,23,14,63,11,6,-4 dB,-0.078925625855724,
4pcafPzLDSqQktqSpxHL3E,THUNDER Y LIGHTNING,Bad Bunny,nadie sabe lo que va a pasar mañana,2023-10-13,71,217133,156,74,55,63,50,0,11,12,-3 dB,-0.0142697058618068,
7iQXYTyuG13aoeHxGG28Nh,PERRO NEGRO,Bad Bunny,nadie sabe lo que va a pasar mañana,2023-10-13,83,162767,96,78,91,35,9,0,18,26,-2 dB,0.0469954257401136,
6vh4S1z08AjGipGAEsV62e,EUROPA :),Bad Bunny,nadie sabe lo que va a pasar mañana,2023-10-13,17,11904,175,71,72,45,12,0,9,14,-6 dB,0.3385146558284759,
1C7lXfx4Y5maVl4AgUVlHA,ACHO PR,Bad Bunny,nadie sabe lo que va a pasar mañana,2023-10-13,72,359647,85,80,54,47,32,0,19,35,-5 dB,0.0454159253314743,
5ixdmTpCmH5diBA1j154wN,UN PREVIEW,Bad Bunny,nadie sabe lo que va a pasar mañana,2023-10-13,69,165582,95,82,80,33,4,0,23,8,-3 dB,0.0634623794328598,
